{
    "lastStart": 1721681997.1058092,
    "lastStop": 1721682047.7056859,
    "flyTime": 42589.81518316269
}